fetal_health_class,total_records,avg_baseline_value,avg_accelerations,avg_fetal_movement,avg_uterine_contractions,avg_light_decelerations,avg_severe_decelerations,avg_prolonged_decelerations,avg_abnormal_stv,avg_mean_stv,avg_pct_abnormal_itv,avg_mean_itv,avg_histogram_mean,avg_histogram_median,avg_histogram_variance,avg_histogram_tendency
1,1655,131.98187311178245,0.0039921450151057395,0.0079631419939576974,0.0047806646525679775,0.0019413897280966838,6.0422960725075532e-07,5.1359516616314114e-05,42.465861027190286,1.4306344410876111,5.0447129909365565,8.7054984894259757,135.10211480362551,138.45981873111793,17.479758308157095,0.34199395770392793
2,295,141.68474576271174,0.00027457627118644077,0.008332203389830501,0.0023898305084745762,0.00053559322033898307,0.0,9.4915254237288145e-05,61.901694915254225,0.63898305084745788,29.030508474576262,8.026101694915253,144.75932203389834,147.07118644067808,7.2135593220339036,0.43389830508474581
3,176,131.68749999999997,0.00039204545454545449,0.025676136363636363,0.0037840909090909097,0.0036704545454545436,3.40909090909091e-05,0.001272727272727273,64.539772727272734,1.5755681818181821,22.846590909090896,3.5886363636363625,112.97727272727272,119.56249999999999,50.732954545454533,-0.0738636363636363